date,tv_ad_spend,radio_ad_spend,social_media_spend,discount_percent,is_holiday,day_of_week,month,competitor_price,sales_units
01-01-2023,311.71,682.05,1260.91,21.48,0,6,1,89.82,555
02-01-2023,1024.87,384.79,931.73,10.71,0,0,1,109.83,282
03-01-2023,432.25,764.73,442.8,25.56,0,1,1,114.51,240
04-01-2023,474.19,538.1,1143.95,7.23,0,2,1,87.5,168
05-01-2023,1338.11,136.92,218.27,16.15,0,3,1,81.97,425
06-01-2023,907.27,713.82,1184.18,5.52,1,4,1,99.78,665
07-01-2023,1859.33,416.95,925.98,14.86,0,5,1,114.83,686
08-01-2023,774.48,156.23,255.05,4.57,0,6,1,109.29,105
09-01-2023,1507.12,164.52,211.31,4.85,0,0,1,111.58,94
10-01-2023,1029.98,565.65,1151.17,18.37,0,1,1,98.13,692
11-01-2023,1387.91,85.53,510.11,7.91,0,2,1,90.57,312
12-01-2023,1279.45,264.95,1345.02,5.17,1,3,1,103.93,624
13-01-2023,1051.01,154.84,1166.9,27.89,0,4,1,89.2,657
14-01-2023,1910.11,380.81,1077.47,1.29,0,5,1,112.68,534
15-01-2023,816.88,360.77,490.05,16.95,0,6,1,88.86,433
16-01-2023,519.02,441.41,1092.52,16.45,0,0,1,93.11,334
17-01-2023,1420.57,259.73,1427.41,7.52,0,1,1,102.79,523
18-01-2023,1722.81,74.03,228.18,13.58,0,2,1,101.9,425
19-01-2023,272.46,510.79,556.63,2.63,0,3,1,107.04,0
20-01-2023,1009.34,330.29,428.54,21.64,0,4,1,99.69,378
21-01-2023,1806.48,538.5,650.55,6.65,0,5,1,121.38,409
22-01-2023,1549.31,131.5,1139.27,5.8,0,6,1,117.8,376
23-01-2023,1985.25,60.33,763.94,9.45,1,0,1,119.56,681
24-01-2023,1156.54,236.22,899.02,27.07,0,1,1,108.33,652
25-01-2023,1387.99,392.41,539.82,23.89,0,2,1,108.58,546
26-01-2023,744.46,345.55,297.8,28.41,0,3,1,107.41,469
27-01-2023,1905.56,657.73,473.71,19.56,0,4,1,99.57,749
28-01-2023,859.4,333.38,1303.55,19.89,0,5,1,94.49,648
29-01-2023,1529.32,447.83,943.38,14.4,0,6,1,106.64,665
30-01-2023,925.65,495.14,629.18,27.16,0,0,1,81.15,770
31-01-2023,1211.27,66.37,1205.87,15.33,0,1,1,80.34,714
01-02-2023,1495.61,436.35,190.24,10.65,1,2,2,118.32,578
02-02-2023,1116.08,308.62,455.45,19.21,0,3,2,82.09,563
03-02-2023,1832.76,365.96,422.14,16.38,0,4,2,103.62,566
04-02-2023,954.74,125.22,1479.51,3.72,0,5,2,107.67,389
05-02-2023,1364.73,637.12,1088.54,11.78,0,6,2,88.92,855
06-02-2023,816.25,756.8,964.9,9.4,0,0,2,120.31,244
07-02-2023,934.68,66.7,106.98,25.41,0,1,2,88.55,478
08-02-2023,992.09,501.03,358.03,11.37,0,2,2,119.8,135
09-02-2023,426.45,622.88,989.76,24.65,0,3,2,114.33,383
10-02-2023,365.1,263.61,631.61,13.27,0,4,2,90.83,190
11-02-2023,1401.48,640.67,1393.99,22.61,0,5,2,86.78,1059
12-02-2023,1379.93,524.27,1170.61,4.06,0,6,2,94.23,684
13-02-2023,1393.24,746.87,726.34,27.74,0,0,2,97.91,813
14-02-2023,235.58,785.75,1149.32,14.42,0,1,2,91.06,390
15-02-2023,787.78,81.76,1465.57,7.79,0,2,2,124.95,92
16-02-2023,556.06,383.7,745.37,7.24,0,3,2,90.33,237
17-02-2023,1600.67,460.24,999.54,7.95,0,4,2,117.38,480
18-02-2023,1749.13,160.06,1386.13,11,0,5,2,87.16,946
19-02-2023,644.02,302.21,448.14,21.53,0,6,2,124.11,286
20-02-2023,1402.13,790.74,1341.18,28.49,0,0,2,90.15,1071
21-02-2023,432.85,62.17,236.56,20.07,0,1,2,98.98,153
22-02-2023,695.27,389.38,1007.83,16.41,0,2,2,105.14,389
23-02-2023,449.58,681.99,1195.97,13.46,0,3,2,85.41,482
24-02-2023,710.34,292.93,960.45,24.85,0,4,2,116.76,410
25-02-2023,1414.53,409.85,793.75,25.49,0,5,2,92.36,903
26-02-2023,1838.59,783.53,964.29,8.79,0,6,2,104.72,765
27-02-2023,564.54,406.16,312.33,28.6,0,0,2,104.73,377
28-02-2023,1175.74,148.19,401.8,11.85,0,1,2,107.12,218
01-03-2023,1462.5,88.79,477.86,24,0,2,3,82.5,845
02-03-2023,1915.26,759.06,936.89,29,0,3,3,87.59,1312
03-03-2023,1298.11,249.36,718.66,21.11,0,4,3,87.25,632
04-03-2023,659.19,428.05,442.27,4.85,0,5,3,93.59,182
05-03-2023,1325.86,118.03,1335.93,17.58,0,6,3,86.52,818
06-03-2023,776.88,367.74,623.49,3.56,0,0,3,121.49,0
07-03-2023,1957.03,747.58,724.44,23.67,0,1,3,103.08,971
08-03-2023,919.42,426.81,673.58,8.44,0,2,3,108.06,265
09-03-2023,1433.77,778.35,354.72,20.86,0,3,3,96.09,697
10-03-2023,241.81,244.13,1124.28,27.3,0,4,3,92.43,574
11-03-2023,920.11,428.41,727.84,5.43,0,5,3,102.64,301
12-03-2023,1775.19,694.65,122.76,11.79,0,6,3,93.24,677
13-03-2023,1298.41,386.19,1449.62,19.41,0,0,3,95.46,795
14-03-2023,999.1,259.62,1242.07,12.59,0,1,3,100.37,393
15-03-2023,1884.69,691.61,1112.98,5.24,0,2,3,102.76,583
16-03-2023,1737.17,342.42,1316.73,0.87,0,3,3,124.29,293
17-03-2023,779.99,448.04,1369.53,12.2,0,4,3,90.05,584
18-03-2023,1180.19,782.4,572.49,19.48,0,5,3,101.96,718
19-03-2023,1081.68,189.86,955.34,17.22,0,6,3,86.73,752
20-03-2023,1337.96,276.05,952.33,4.69,0,0,3,95.75,310
21-03-2023,801.4,73.3,474.22,13.52,0,1,3,112.28,70
22-03-2023,639.57,343.88,410.73,11.08,0,2,3,87.85,302
23-03-2023,1842.81,200.14,259.47,8.23,0,3,3,106.16,235
24-03-2023,1862.97,560.03,1023.04,21.88,0,4,3,98.75,991
25-03-2023,1717.98,185.99,1193.29,9.29,0,5,3,82.32,749
26-03-2023,1960.77,556.11,1165.33,16.2,0,6,3,121.99,875
27-03-2023,1540.98,247.61,542.79,27.7,0,0,3,98.61,722
28-03-2023,1576.4,316.41,387.36,16.18,0,1,3,115.28,494
29-03-2023,1572.66,311.65,735.06,18.51,0,2,3,98.73,845
30-03-2023,1065.09,587.56,865.54,2.2,0,3,3,122.18,12
31-03-2023,1021.61,399.88,1386.72,5.34,0,4,3,93.07,503
01-04-2023,632.41,320.97,1324.75,3.03,0,5,4,98.55,264
02-04-2023,1360.67,689.47,1382.48,22.94,0,6,4,114.15,934
03-04-2023,720.78,478.96,1290.37,25.08,0,0,4,95.47,708
04-04-2023,664.06,210.37,1450.41,5.59,0,1,4,96.4,339
05-04-2023,1254.73,725.07,751.7,6.58,0,2,4,124.77,217
06-04-2023,937.97,306.99,166.46,9.7,0,3,4,105,206
07-04-2023,593.94,79.23,216.99,17.73,0,4,4,111.02,53
08-04-2023,1668.9,420.95,646.39,18.65,0,5,4,108.96,820
09-04-2023,1749.03,142.95,460.76,20.6,0,6,4,117.26,639
10-04-2023,501.86,228.85,337.92,27.16,1,0,4,118.78,476
11-04-2023,213.51,610.33,1434.49,8.85,0,1,4,105.35,349
12-04-2023,805.03,148.06,373.59,19.76,0,2,4,93.26,400
13-04-2023,1635.52,655.21,1443.13,16.79,0,3,4,81.03,1116
14-04-2023,1710.51,752.68,1165.17,9.18,1,4,4,107.65,1014
15-04-2023,448.99,504.9,997.32,27.22,0,5,4,117.15,531
16-04-2023,1593.8,582.77,1046.43,2.86,0,6,4,100.27,618
17-04-2023,408.27,585.19,564.06,21.36,0,0,4,87.41,481
18-04-2023,902.11,794.61,1005,21.84,0,1,4,92.96,811
19-04-2023,1997.5,306.15,361.37,27.46,0,2,4,102.95,882
20-04-2023,546.66,172.14,1412.79,15.56,0,3,4,117.65,322
21-04-2023,477.13,439.38,522.51,9.65,0,4,4,87.73,236
22-04-2023,961.04,449.94,457.26,24.83,0,5,4,107.55,621
23-04-2023,1315.4,183.43,1095.63,23.12,0,6,4,113.9,819
24-04-2023,1879.22,509.83,1019.03,15.01,0,0,4,122.12,645
25-04-2023,1965.48,60.59,731.82,23.04,0,1,4,85.25,908
26-04-2023,325.35,745.75,985.42,8.04,0,2,4,121.69,60
27-04-2023,448.4,248.43,323.29,17.69,0,3,4,107.07,139
28-04-2023,1623.33,79.67,1042.66,25.96,0,4,4,114.5,669
29-04-2023,687.14,131.19,478.85,9.54,0,5,4,82.42,349
30-04-2023,1792.73,230.19,481.97,14.51,0,6,4,102.78,769
01-05-2023,1394.22,255.43,327.05,28.53,0,0,5,108.02,619
02-05-2023,401.32,74.61,565.33,23.95,0,1,5,93.81,408
03-05-2023,1698.55,259.52,563.75,26.61,0,2,5,99.42,664
04-05-2023,517.44,194.71,735.85,11.56,0,3,5,104.94,193
05-05-2023,962.29,333.97,366.59,29.9,0,4,5,104.86,561
06-05-2023,1193.93,338.88,370.21,4.58,0,5,5,81.88,430
07-05-2023,1101.38,304.26,858.43,15.56,0,6,5,99.78,612
08-05-2023,1435.09,295.94,280.43,14.38,0,0,5,89.62,486
09-05-2023,1374.84,117.3,1064.46,23.95,0,1,5,121.25,470
10-05-2023,1985.68,68.9,1421.53,27.26,0,2,5,123.95,931
11-05-2023,1998.96,201.59,697.51,21.93,0,3,5,93.48,880
12-05-2023,1129.63,617.49,1361.55,18.8,1,4,5,87.88,1072
13-05-2023,371.36,793.11,237.64,12.82,0,5,5,89.88,302
14-05-2023,1510.12,746.39,160.14,15.31,0,6,5,101.5,553
15-05-2023,1958,428.16,1109.92,15.28,0,0,5,119.35,697
16-05-2023,772.99,448.87,1165.43,0.61,0,1,5,102.5,288
17-05-2023,1030.18,285.94,1280.28,15.09,1,2,5,82.49,964
18-05-2023,964.6,630.45,179.54,25.68,0,3,5,81.79,593
19-05-2023,292.55,623.57,1187.67,21.28,0,4,5,90.23,562
20-05-2023,1410.08,683.2,627.15,23.87,0,5,5,117.92,732
21-05-2023,836.01,721.63,524.67,11.71,0,6,5,107.97,445
22-05-2023,1617.43,375.76,342.23,15.87,0,0,5,105.33,546
23-05-2023,1697.82,625.16,1494.42,1,1,1,5,94.35,761
24-05-2023,1678.22,654.8,189.13,11.49,0,2,5,121.82,384
25-05-2023,950,281.34,1257.81,14.23,0,3,5,94.9,486
26-05-2023,778.78,746.93,995.29,7.66,0,4,5,117.57,160
27-05-2023,1547.88,120.76,1129.11,0.94,0,5,5,120.32,345
28-05-2023,1642.5,795.7,1096.4,20.71,0,6,5,101.75,1007
29-05-2023,1084.26,627.57,1301.81,13.05,0,0,5,120.24,364
30-05-2023,1807.46,119.95,357.31,12.47,0,1,5,92.46,595
31-05-2023,459.04,542.17,101.15,7.5,0,2,5,109.63,4
01-06-2023,1782.32,75.63,937.94,16.13,0,3,6,83.96,760
02-06-2023,372.97,627.64,595.4,13.14,0,4,6,101.33,135
03-06-2023,476.35,649.42,273.3,14.22,0,5,6,89.78,304
04-06-2023,1160.91,501.81,360.59,17.43,0,6,6,82.82,718
05-06-2023,321.53,692.65,564.45,0.19,0,0,6,80.17,4
06-06-2023,295.05,123.41,198.33,27.23,0,1,6,94.61,341
07-06-2023,200.93,256.94,179.68,2.13,0,2,6,106.53,0
08-06-2023,985.37,360.63,1382.44,13.53,0,3,6,100.49,499
09-06-2023,1594.32,81.84,536.94,6.22,0,4,6,93.58,274
10-06-2023,262.71,386.16,1475.12,15.71,0,5,6,124.6,285
11-06-2023,1374.06,248.91,1450.11,8.41,0,6,6,122.28,515
12-06-2023,1681.63,344.55,299.6,25.8,0,0,6,85.65,724
13-06-2023,502.4,368.83,1100.89,11.89,0,1,6,98.68,310
14-06-2023,464.35,709.56,941.13,19.16,0,2,6,109.2,360
15-06-2023,1749.44,252.76,1066.91,7.47,0,3,6,113.01,413
16-06-2023,1681.62,720.31,234.67,0.58,0,4,6,96.49,368
17-06-2023,1170.1,369.48,363.98,12.12,0,5,6,113.58,210
18-06-2023,1674.56,295.86,207.29,16.09,0,6,6,85.59,721
19-06-2023,366.96,426.88,945.79,13.79,1,0,6,94.93,648
20-06-2023,910.07,363.31,1481.23,28.86,0,1,6,112.24,777
21-06-2023,1528.04,243.03,1040.78,21.21,0,2,6,108.16,677
22-06-2023,663.41,427.01,1095.07,29.87,0,3,6,117.67,514
23-06-2023,1554.19,163.85,1478.42,8.85,1,4,6,82.11,951
24-06-2023,1107.52,313.95,1049.22,23.67,0,5,6,87.85,824
25-06-2023,1550.48,474.34,156.25,16.67,0,6,6,82.18,750
26-06-2023,1036.42,360.06,1313.81,18.35,0,0,6,88.65,630
27-06-2023,862.23,667.93,610.55,29.58,1,1,6,80.19,1106
28-06-2023,594.54,242.54,106.11,19.62,0,2,6,102.69,297
29-06-2023,575.08,777.33,810.13,26.96,0,3,6,103.77,546
30-06-2023,1552.68,638.54,1411.82,21.77,0,4,6,109.61,742
01-07-2023,414.04,775.69,460.26,3.82,0,5,7,97.32,39
02-07-2023,354.77,678.6,788.12,20.98,0,6,7,80.14,621
03-07-2023,517.32,156.58,343.29,14.53,0,0,7,110.33,0
04-07-2023,515.62,444.85,180.77,27.56,0,1,7,82.44,492
05-07-2023,1681.59,177.48,212.76,24.21,0,2,7,118.98,407
06-07-2023,917.31,663.67,1117.82,3.12,0,3,7,81.02,425
07-07-2023,1982.7,488.12,1309.7,4.02,0,4,7,103.87,557
08-07-2023,446.98,247.59,300.62,2.09,0,5,7,120.27,0
09-07-2023,1376.37,747.2,503.65,14.8,0,6,7,105.76,522
10-07-2023,1007.71,136.39,373.04,2.42,1,0,7,107.38,165
11-07-2023,907.25,472.9,137.6,21.71,0,1,7,110.67,363
12-07-2023,1775.15,590.78,874.8,16.57,0,2,7,85.51,776
13-07-2023,1956.07,94.14,1079.89,25.08,0,3,7,110.37,806
14-07-2023,1771.15,498.39,1007.03,8.39,0,4,7,119.62,377
15-07-2023,546.14,661.93,643.27,15.57,0,5,7,123.84,140
16-07-2023,597.44,100.65,877.01,3.52,0,6,7,99.94,101
17-07-2023,1380.93,434.18,231.74,26.54,0,0,7,95.5,663
18-07-2023,720.35,243.92,316.03,5.25,0,1,7,113.9,0
19-07-2023,1522.51,547.19,1404.51,3.07,0,2,7,104.43,391
20-07-2023,1219.56,139.01,1166.11,6.15,0,3,7,91.58,376
21-07-2023,1191.64,752.79,1391.83,24.19,1,4,7,87.75,1178
22-07-2023,1691.38,721.05,1383.35,3.17,0,5,7,87.66,835
23-07-2023,1478.96,189.48,1009.15,18.43,0,6,7,100.66,706
24-07-2023,247.84,292.45,1399.53,22.39,0,0,7,87.66,510
25-07-2023,289.03,490.73,683.39,22.53,0,1,7,80.89,454
26-07-2023,1282.81,588.55,105.06,5.7,0,2,7,82.34,227
27-07-2023,1075.15,381.99,187.6,1.85,0,3,7,121.84,0
28-07-2023,668.33,167.22,253.28,13.46,0,4,7,83.28,136
29-07-2023,953.58,128.11,233.49,6.07,0,5,7,83.29,174
30-07-2023,1564.24,799.82,592.38,20.98,0,6,7,100.3,823
31-07-2023,1687.9,391.51,1081.78,10.7,0,0,7,91.03,636
01-08-2023,1210.2,704.4,1206.91,13.48,0,1,8,123.32,339
02-08-2023,893.67,411.78,926.3,3.4,0,2,8,120.99,0
03-08-2023,687.25,741.77,305.01,17.03,0,3,8,98.21,339
04-08-2023,1139.45,115.82,1147.06,5.57,0,4,8,100.19,165
05-08-2023,766.55,135.51,596.72,20.37,0,5,8,96.88,497
06-08-2023,1215.37,747.22,118.19,2.14,0,6,8,81.7,222
07-08-2023,1417.97,760.62,492.82,29.28,1,0,8,93.18,981
08-08-2023,318.94,286.04,562.84,20.54,0,1,8,85.52,121
09-08-2023,201.92,316.37,483.94,5.45,0,2,8,84.61,0
10-08-2023,582.1,389.34,1236.62,0.42,0,3,8,105.24,0
11-08-2023,1810.12,362.12,1163.9,10.03,0,4,8,84.44,595
12-08-2023,1363.32,192.53,1073.77,4.58,1,5,8,84.63,684
13-08-2023,509.53,723.78,294.61,6.55,0,6,8,101.62,107
14-08-2023,1802.48,239.98,1230.97,26.18,1,0,8,99.9,1146
15-08-2023,1045.92,578.95,1048.05,18.1,0,1,8,86.19,671
16-08-2023,1056.97,100.37,372.77,5.29,0,2,8,80.2,113
17-08-2023,1883.98,79.06,1007.33,16.7,0,3,8,88.68,693
18-08-2023,307.08,540.3,776.92,7.67,0,4,8,90.62,0
19-08-2023,587.32,304.26,715.09,29.29,0,5,8,116.01,395
20-08-2023,1254.39,541.59,256.97,0.98,0,6,8,121.19,0
21-08-2023,551.88,120.52,825.63,21.97,1,0,8,98.27,582
22-08-2023,1423.15,762.39,239.9,23.19,0,1,8,98.23,603
23-08-2023,585.37,611.39,329.95,2.01,1,2,8,112.06,145
24-08-2023,378.48,707.2,285.56,5.16,0,3,8,108.21,0
25-08-2023,572.57,152.35,1435.75,11.53,0,4,8,88.29,359
26-08-2023,960.92,290.12,498.81,26.04,0,5,8,84.85,633
27-08-2023,517.05,326.26,597.29,16.11,0,6,8,99.69,230
28-08-2023,442.45,452.88,550.91,19.66,0,0,8,105.42,112
29-08-2023,1748.51,272.65,1357.55,23.49,0,1,8,86.24,861
30-08-2023,776.71,95.47,888.15,24.84,0,2,8,93.2,536
31-08-2023,849.37,326.66,1386.82,14.29,0,3,8,93.77,436
01-09-2023,299.49,240.91,519.89,15.26,0,4,9,91.76,53
02-09-2023,843.27,339.44,260.77,21.54,0,5,9,100.73,313
03-09-2023,676.65,197.72,878.71,7.9,0,6,9,109.39,216
04-09-2023,1298.87,246.42,583.75,25.63,0,0,9,102.92,539
05-09-2023,569.7,520.21,1222.67,0.62,0,1,9,89.07,45
06-09-2023,1799.06,341.12,1331.19,5.87,0,2,9,84.63,556
07-09-2023,1873.4,309.04,761.6,24.01,0,3,9,116.98,550
08-09-2023,379.7,450.43,1459.9,10.21,0,4,9,101.57,160
09-09-2023,393.33,628.9,874.22,4.49,0,5,9,82.8,160
10-09-2023,407.59,334.15,479.29,5.6,0,6,9,91.62,45
11-09-2023,1315.22,490.64,784.57,15.92,0,0,9,116.18,372
12-09-2023,419.54,774.65,152.23,25.39,0,1,9,113.83,50
13-09-2023,1734.29,441.49,1225.6,2.12,0,2,9,119.41,173
14-09-2023,1557.69,732.35,242.01,0.91,0,3,9,107.09,56
15-09-2023,1675.66,645.25,532.25,13.96,0,4,9,99.03,433
16-09-2023,1146.91,94.04,891.44,28.69,0,5,9,99.2,762
17-09-2023,1994.02,371.82,160.17,8.37,0,6,9,88.73,558
18-09-2023,279.52,573.74,211.04,28.78,0,0,9,109.29,202
19-09-2023,922.28,790.03,1074.56,26.63,0,1,9,106.33,539
20-09-2023,783.09,393.78,200.49,8.49,0,2,9,86.97,42
21-09-2023,1907.56,119.59,767.92,24.51,0,3,9,119.85,448
22-09-2023,1238.35,471.51,574.17,20.58,1,4,9,96.58,763
23-09-2023,1651.14,144.92,419.31,15.35,0,5,9,82.24,615
24-09-2023,506.61,613.64,364.29,12.69,0,6,9,94.75,252
25-09-2023,1961.54,430.76,1168.78,24.47,0,0,9,119.14,681
26-09-2023,1097.55,592.57,1432.16,23.79,0,1,9,121.26,486
27-09-2023,1088.61,702.02,296.25,22.71,0,2,9,102.07,385
28-09-2023,1947.59,521.71,1443.55,29.95,0,3,9,123.04,886
29-09-2023,885.32,509.33,932.67,14.36,0,4,9,119.39,68
30-09-2023,915.55,615.93,998.32,24.21,0,5,9,117.14,535
01-10-2023,1252.55,681.84,1093.9,25.87,0,6,10,118.69,633
02-10-2023,430.49,701.79,1085.77,6.35,0,0,10,97.18,20
03-10-2023,777.95,77.32,1247.74,1.26,0,1,10,114.04,0
04-10-2023,547.77,467.14,776.86,12.14,0,2,10,105.98,39
05-10-2023,385.91,212.2,846.7,25.7,0,3,10,112.39,246
06-10-2023,1759.06,695.26,553.36,8.67,0,4,10,88,557
07-10-2023,1260.8,536.3,247.36,21,0,5,10,112.91,396
08-10-2023,845.61,365.17,1030.5,0.22,0,6,10,123.09,56
09-10-2023,935.6,191.08,147.05,10.66,0,0,10,93.62,32
10-10-2023,976.73,304.27,485.89,18.47,0,1,10,124.38,119
11-10-2023,1339.67,577.83,231.92,3.89,0,2,10,97.03,73
12-10-2023,1868.18,203.27,367.02,26.9,0,3,10,88.99,661
13-10-2023,1879,120.19,994.22,4.69,0,4,10,85.05,406
14-10-2023,904.69,716.02,979.87,27.29,0,5,10,115.32,447
15-10-2023,792.67,623.16,689.48,6.49,0,6,10,104.97,215
16-10-2023,1011.88,199.85,226.24,29.83,0,0,10,93.82,384
17-10-2023,1222.28,269.23,706.72,18.14,0,1,10,107.38,251
18-10-2023,1031.27,779.05,593.84,2.53,0,2,10,94.94,46
19-10-2023,1385.76,581.14,1108.64,1.96,0,3,10,100.18,237
20-10-2023,1197.92,507.89,910.64,2.25,1,4,10,118.82,387
21-10-2023,777.29,280.72,788.19,17.7,0,5,10,110.07,380
22-10-2023,822.32,274.34,781.77,24.29,0,6,10,114.31,274
23-10-2023,881.47,79.64,1452.82,12.09,0,0,10,106.26,203
24-10-2023,370.35,596.36,1158.81,13.35,1,1,10,124.61,214
25-10-2023,498.91,82.38,795.77,17.68,0,2,10,90.86,226
26-10-2023,1501.6,53.64,770.91,15.99,0,3,10,91.8,441
27-10-2023,900.37,597.12,137.07,20.64,0,4,10,84.17,305
28-10-2023,586.17,761.66,1419.51,14.15,0,5,10,104.93,409
29-10-2023,1212.81,617.38,546.84,21.42,0,6,10,107.6,461
30-10-2023,1559.97,403.73,458.31,29.92,0,0,10,112.67,630
31-10-2023,663.36,414.53,1499.17,10.51,0,1,10,95.1,307
01-11-2023,1688.22,377.1,1106.17,0.37,0,2,11,80.55,461
02-11-2023,1869.51,293.48,166.31,3.77,0,3,11,108.45,0
03-11-2023,1275.31,441.29,186.64,16.61,0,4,11,124.94,87
04-11-2023,1404.11,373.36,135.7,10.33,0,5,11,93.25,439
05-11-2023,294.64,498.63,939.47,28.2,0,6,11,88.28,621
06-11-2023,1901.94,723.59,200.19,18.82,0,0,11,92.68,497
07-11-2023,906.47,796.26,1406.74,15.61,0,1,11,99.14,458
08-11-2023,1863.02,109.06,1411.67,23.94,0,2,11,91.29,778
09-11-2023,1242.16,338.51,864.48,7.76,0,3,11,95.61,352
10-11-2023,208.31,185.53,963.29,24.59,0,4,11,108.72,166
11-11-2023,269.38,314.09,508.65,0.09,0,5,11,95.53,0
12-11-2023,1424.75,265.6,189.56,18.59,0,6,11,97.82,442
13-11-2023,1212.8,180.9,1132.44,28.04,0,0,11,81.8,598
14-11-2023,247.76,623.06,242.5,23.64,0,1,11,121.31,0
15-11-2023,1538.23,422.22,219.78,25.61,0,2,11,98.31,524
16-11-2023,1733.86,739.43,535.71,11.91,1,3,11,94.77,812
17-11-2023,1093.55,74.44,117.45,24.73,0,4,11,83.89,282
18-11-2023,1038.36,100.23,707.65,16.52,0,5,11,108.54,275
19-11-2023,209.85,352.46,1090.75,18.56,0,6,11,118.87,197
20-11-2023,1615.97,110.21,1221.89,1.77,0,0,11,81.85,316
21-11-2023,795.29,247.05,946.03,6.05,0,1,11,86.54,170
22-11-2023,1781.77,789.52,1285.62,16.53,0,2,11,86.59,818
23-11-2023,871.51,206.72,669.1,1.76,0,3,11,107.1,0
24-11-2023,1217.14,198.59,1288.28,22.24,0,4,11,121.46,385
25-11-2023,686.62,480.23,809.06,25.2,0,5,11,99.7,490
26-11-2023,489.06,423.5,412.25,27.61,0,6,11,95.47,463
27-11-2023,1594.83,485.33,1421.8,3.05,0,0,11,114.46,223
28-11-2023,1093.86,332.55,484.96,28.19,0,1,11,113.42,359
29-11-2023,1165.68,670.07,136.68,2.03,0,2,11,91.1,38
30-11-2023,1937.75,153.94,439.74,14.22,0,3,11,87.24,507
01-12-2023,1934.44,371.29,613.36,25.21,0,4,12,96.1,810
02-12-2023,1740.16,567.32,591.89,2.11,0,5,12,114.9,329
03-12-2023,537.7,701.18,834.53,0.55,0,6,12,111.28,0
04-12-2023,1269.69,327.18,1336.38,0.75,0,0,12,109.96,185
05-12-2023,1780.67,475.81,509.27,15.34,0,1,12,117.32,469
06-12-2023,874.04,101.85,829.08,24.35,1,2,12,92.47,688
07-12-2023,381.99,177.74,576.19,3.82,0,3,12,95.29,0
08-12-2023,1659.73,101.85,1250.48,3.74,1,4,12,81.91,755
09-12-2023,1067.17,595.91,320.64,17.06,0,5,12,119.09,278
10-12-2023,1215.91,266.04,244.91,7.03,0,6,12,106.21,70
11-12-2023,1967.86,592.81,804.19,21.91,0,0,12,93.42,892
12-12-2023,1292.98,99.8,1040.64,28.49,0,1,12,83.12,723
13-12-2023,964.96,696.91,1213.74,22.98,1,2,12,112.55,844
14-12-2023,865.97,676.65,925.47,26.32,0,3,12,113.69,429
15-12-2023,951.71,116.7,1183.39,15.59,0,4,12,109.98,243
16-12-2023,413.12,67.82,649.79,24.97,0,5,12,89.17,481
17-12-2023,1630.55,92.22,146.01,5.49,0,6,12,121.09,154
18-12-2023,1707.89,690.22,262.54,2.05,0,0,12,113.89,146
19-12-2023,711.91,226.03,154.21,19.68,0,1,12,109.6,117
20-12-2023,746.83,461.2,560.52,1.56,0,2,12,109.29,0
21-12-2023,1773.8,369.68,793.69,26.77,0,3,12,120.7,610
22-12-2023,243.15,646.64,598.84,20.75,0,4,12,121.77,6
23-12-2023,1136.82,416.67,884.84,28.57,0,5,12,106.8,737
24-12-2023,1034.62,425.5,772.85,9.42,0,6,12,98.75,307
25-12-2023,1442.23,791.82,1049.12,14.58,0,0,12,96.37,676
26-12-2023,494.11,162.6,1033.75,22.25,0,1,12,116.86,170
27-12-2023,1403,673.03,545.29,7.28,1,2,12,109.01,511
28-12-2023,878.12,88.81,584.7,16.26,0,3,12,83.48,358
29-12-2023,1313.69,408.24,919.21,19.78,0,4,12,86.4,622
30-12-2023,272.17,714.75,935.01,29.36,0,5,12,120.51,395
31-12-2023,1031.11,548.91,540.58,22.34,0,6,12,119.8,399
01-01-2024,1140.05,563.91,562.45,3.54,0,0,1,122.83,70
02-01-2024,585.79,247.49,1071.66,14.26,0,1,1,99.25,232
03-01-2024,451.32,363.93,1006.38,17.66,0,2,1,115.28,176
04-01-2024,539.25,324.94,289.07,4.4,0,3,1,117.27,0
05-01-2024,819.45,441.08,717.46,12.96,0,4,1,94.21,354
06-01-2024,374.26,396.67,1349.79,8.52,0,5,1,86.54,383
07-01-2024,1905.18,295.17,150.83,3.56,0,6,1,124.87,307
08-01-2024,928.99,279.11,1297.23,15.36,0,0,1,81.36,563
09-01-2024,1656.15,238.14,328.45,4.97,0,1,1,106.88,190
10-01-2024,1953.95,323.79,810.15,17.72,0,2,1,109.26,617
11-01-2024,345.32,162.46,694.07,5.09,0,3,1,110.68,0
12-01-2024,1373.01,704.08,114.18,21.71,1,4,1,91.5,787
13-01-2024,1768.54,501.59,1381.56,5.86,0,5,1,112.47,574
14-01-2024,1341.62,150.34,736.9,26.89,0,6,1,89.74,870
15-01-2024,972.25,570.39,1435.98,0.79,0,0,1,117.31,151
16-01-2024,975.94,685.75,501.44,15.66,0,1,1,89.86,403
17-01-2024,264.62,228.15,1312.79,9.6,1,2,1,111.35,400
18-01-2024,1162.28,162.95,1391.35,6.75,0,3,1,115.25,334
19-01-2024,1988.38,56.46,879.57,14.15,0,4,1,88.5,754
20-01-2024,1925.67,85.44,383.75,25.26,0,5,1,90.71,810
21-01-2024,272.72,621.69,1059.35,27.46,1,6,1,115.06,728
22-01-2024,1470.43,790.39,868.57,9.1,0,0,1,83.87,701
23-01-2024,743.18,83.66,1422.34,4.63,1,1,1,88.58,557
24-01-2024,1825.38,611.05,714.98,21.6,0,2,1,100.5,736
25-01-2024,281.21,103.9,475.92,17.46,0,3,1,121.86,0
26-01-2024,1884.57,494.1,293.6,6.03,0,4,1,105.28,396
27-01-2024,1707.46,617.06,1078.09,22.81,0,5,1,97.45,917
28-01-2024,411.51,319.4,1463.75,15.57,0,6,1,124.03,287
29-01-2024,307.68,58.2,139.68,19.6,0,0,1,100.87,81
30-01-2024,1702.47,496.39,1136.62,10.78,0,1,1,99.52,534
31-01-2024,480.36,793.43,1397.7,13.17,0,2,1,98.52,393
01-02-2024,1162.82,243.21,204.69,5.41,0,3,2,94.05,115
02-02-2024,1848.34,192.12,254.24,22.7,0,4,2,94.66,637
03-02-2024,1221.41,142.94,1068.74,4.71,0,5,2,110.95,314
04-02-2024,915.02,466.44,1007.15,23.35,0,6,2,81.84,864
05-02-2024,1001.03,497.33,196.36,23.94,0,0,2,110.68,371
06-02-2024,313.61,644.2,1268.19,22.4,0,1,2,89.05,533
07-02-2024,1943.75,614.8,832.79,0.58,0,2,2,97.29,509
08-02-2024,759.18,719.41,1370.08,8.19,0,3,2,86.59,437
09-02-2024,540.85,654.33,1329.19,14.05,1,4,2,104.87,695
10-02-2024,714.89,235.45,1237.51,17.87,0,5,2,112.82,533
11-02-2024,1935.87,466.91,822.26,27.58,0,6,2,95.96,1076
12-02-2024,369.71,273.06,452.39,11.27,0,0,2,87.35,140
13-02-2024,1761.15,297.34,808.37,26.25,0,1,2,90.19,921
14-02-2024,1474.12,748.96,241.14,4.9,1,2,2,116.82,369
15-02-2024,1694.03,561.42,1022.38,11.14,0,3,2,92.04,720
16-02-2024,1956.62,780.94,287.57,1.57,0,4,2,114.86,486
17-02-2024,1715.88,362.68,815.64,22.27,0,5,2,94.9,899
18-02-2024,1898.09,453.08,176.13,4.52,0,6,2,88.49,555
19-02-2024,428.48,415.34,519.32,7.71,0,0,2,112.73,8
20-02-2024,1632.42,130.47,424.91,23.26,0,1,2,101.08,708
21-02-2024,1182.22,227.53,968.04,16.04,0,2,2,81.41,681
22-02-2024,1178.29,445.73,1201.5,0.42,0,3,2,123.2,25
23-02-2024,1818.06,100.53,180.22,0.07,0,4,2,86.65,329
24-02-2024,1949.25,748.6,1290.4,15.32,0,5,2,95.9,1159
25-02-2024,1468.71,142.88,1305.07,9.15,0,6,2,97.32,681
26-02-2024,1069.29,198.49,579.18,5.41,0,0,2,102.02,104
27-02-2024,1021.53,623.99,1022.61,18.41,0,1,2,115.34,483
28-02-2024,895.41,122.7,663.66,6.85,0,2,2,80.27,228
29-02-2024,850.88,725.21,315.87,17.77,0,3,2,121.96,289
01-03-2024,904.71,594.28,840.13,11.38,0,4,3,109.07,289
02-03-2024,361.56,101.47,220.9,5.6,0,5,3,122.78,0
03-03-2024,339.38,568.89,1329.86,4.14,0,6,3,116.78,153
04-03-2024,1603.77,523.72,1394.01,7.11,0,0,3,121.75,464
05-03-2024,1002.93,618.01,1250.26,0.89,0,1,3,107.05,372
06-03-2024,1875.23,671.15,887.54,9.24,1,2,3,96.08,995
07-03-2024,1302,588.76,880.64,27.06,0,3,3,99.93,784
08-03-2024,263.32,489.63,1478.45,24.94,0,4,3,109.61,448
09-03-2024,483.54,291.85,447.06,11.16,0,5,3,99.21,146
10-03-2024,570.48,572.96,206.33,17.28,0,6,3,112.93,218
11-03-2024,1956.32,767.73,886.72,17.02,0,0,3,84.13,980
12-03-2024,593.67,490.64,560.3,24.86,0,1,3,117.35,406
13-03-2024,1128.36,548.26,551.27,7.09,0,2,3,89.19,368
14-03-2024,1885.12,377.85,109.92,8.89,0,3,3,122.48,383
15-03-2024,1958.95,617.09,934.74,9.05,0,4,3,87,756
16-03-2024,625.45,798.25,469.65,1.23,0,5,3,85.81,290
17-03-2024,288.41,170.29,363,9.44,0,6,3,116.53,0
18-03-2024,476.48,201.8,156.6,26.34,0,0,3,116.84,261
19-03-2024,313.99,454.58,610.11,27.36,0,1,3,113.24,462
20-03-2024,551.22,411.03,1330.56,3.29,0,2,3,123.22,0
21-03-2024,1223.43,478.68,571.34,13.74,0,3,3,92.17,499
22-03-2024,1842.41,86.81,1050.7,11.44,1,4,3,117.2,871
23-03-2024,1166.99,353.21,1159.17,14.68,0,5,3,95.84,629
24-03-2024,1326.78,487.23,559.34,16.64,0,6,3,104.18,657
25-03-2024,563.36,488.89,1250.3,0.61,0,0,3,100.05,246
26-03-2024,1641.05,543,1068.63,25.27,0,1,3,80.26,1059
27-03-2024,1312.02,590.16,882.94,29.21,0,2,3,105.85,846
28-03-2024,1755.45,531.16,101.39,19.6,0,3,3,113.64,635
29-03-2024,1907.92,642.68,149.13,19.81,0,4,3,87.85,906
30-03-2024,826.22,518.57,1487.21,15.84,0,5,3,121.92,543
31-03-2024,363.04,453.13,1195.2,10.03,0,6,3,103.87,324
01-04-2024,606.67,504.65,1412.59,4.47,1,0,4,88.02,627
02-04-2024,988.11,125.9,1363.22,17.52,0,1,4,109.07,575
03-04-2024,1902.25,254.87,128.62,1.35,0,2,4,88.64,323
04-04-2024,880.96,445.55,1208.59,24.74,0,3,4,82.86,812
05-04-2024,1587.39,704.74,731.6,12.63,0,4,4,110.84,571
06-04-2024,1172.86,559.29,1205.38,12.44,0,5,4,84.98,779
07-04-2024,529.06,117.81,109.4,9.82,1,6,4,84.78,543
08-04-2024,777.32,494.21,503.48,29.08,0,0,4,113.3,654
09-04-2024,1375.75,216.3,1151.85,5.25,0,1,4,82.48,565
10-04-2024,1411.14,600.51,1210.23,4.54,0,2,4,116.44,390
11-04-2024,982.57,670.58,967.6,4.97,0,3,4,115.83,313
12-04-2024,611.56,495.09,521.76,19.76,1,4,4,86.36,782
13-04-2024,1499.43,493.52,534.51,29.76,0,5,4,103.33,1008
14-04-2024,503.97,303.94,1453.47,7.06,0,6,4,84.35,531
15-04-2024,1886.01,384.69,714.9,27.17,0,0,4,108.47,858
16-04-2024,538.23,698.08,725.98,8.36,0,1,4,82.83,269
17-04-2024,393.16,592.49,873.27,19.44,0,2,4,122.5,170
18-04-2024,1095.77,439.82,673.3,1.21,0,3,4,89.35,201
19-04-2024,1135.19,326.17,873.74,14.87,0,4,4,110.73,455
20-04-2024,1114.75,87.78,705.27,19.64,0,5,4,85.77,644
21-04-2024,986,157.26,1257.4,16.09,0,6,4,89.43,793
22-04-2024,1990.67,194.77,1372.67,7.14,0,0,4,100.29,712
23-04-2024,1075.31,330.04,1404.95,24.85,0,1,4,105.79,735
24-04-2024,1060.3,758.11,890.01,29.1,0,2,4,124.95,603
25-04-2024,959.18,428.87,719.01,13.78,0,3,4,81.17,587
26-04-2024,320.29,226.13,1087.34,19.08,0,4,4,80.01,465
27-04-2024,1267.32,129.31,1273.65,23.71,0,5,4,95.77,846
28-04-2024,610.34,303.73,888.18,7.24,0,6,4,96.48,414
29-04-2024,1347.7,661.8,1079.97,25.93,0,0,4,119.77,759
30-04-2024,291.5,337.51,1149.62,8.41,0,1,4,121.07,42
01-05-2024,1966.5,629.38,1046.95,23.27,0,2,5,119.62,887
02-05-2024,1044.21,652.03,1144.59,3.36,0,3,5,86.44,475
03-05-2024,1814.16,133.12,392.1,8.65,0,4,5,98.54,478
04-05-2024,1056.01,506.49,797.72,16.01,0,5,5,113.56,478
05-05-2024,308.6,769.32,923.58,15.75,0,6,5,94.07,620
06-05-2024,1679.98,351.6,103.47,25.51,0,0,5,109.85,585
07-05-2024,1366.73,88.21,1298.35,29.88,0,1,5,90.67,1037
08-05-2024,1607.16,742.48,954.03,3.22,0,2,5,94.55,548
09-05-2024,970.71,712.75,280.79,8.14,0,3,5,118.72,178
10-05-2024,1348.29,441.61,1242.9,10.73,0,4,5,91.27,689
11-05-2024,1741.21,464.19,1103.88,14.37,0,5,5,123.39,753
12-05-2024,1335.92,208.81,1161.62,14.82,0,6,5,93.78,705
13-05-2024,825.81,664.59,648.86,25.69,0,0,5,81.06,801
14-05-2024,1392.55,423.95,1295.88,23.12,0,1,5,91.47,993
15-05-2024,1409.34,75.41,679.64,0.57,0,2,5,87.7,305
16-05-2024,1929.06,562.26,898.71,13.65,0,3,5,102.81,742
17-05-2024,867.64,762.87,100.9,18.54,1,4,5,85.07,746
18-05-2024,965.15,671.86,1002.82,13.81,0,5,5,108.17,550
19-05-2024,1661.82,257.9,1105.45,3.92,0,6,5,119.37,564
20-05-2024,1110.37,89.99,893.95,11.92,0,0,5,96.31,368
21-05-2024,1525.83,755.26,795.18,12.35,0,1,5,87.58,663
22-05-2024,1027.48,752.8,1233.91,5.63,0,2,5,98,556
23-05-2024,587.89,449.31,1053.92,22.69,0,3,5,115.37,461
24-05-2024,1541.37,531.74,489.3,9.64,0,4,5,106.62,546
25-05-2024,436.08,396.95,1442.7,17.67,0,5,5,84.55,668
26-05-2024,557.45,364.82,1090.17,15.47,0,6,5,104.17,476
27-05-2024,1328.28,139.59,1483.11,26.32,0,0,5,101.06,817
28-05-2024,1545.09,122.56,1459.77,3.66,0,1,5,94.72,554
29-05-2024,1810.44,224.55,1386.47,3.43,0,2,5,84.96,595
30-05-2024,690.66,677.48,1157.52,9.01,0,3,5,124.15,251
31-05-2024,399.3,159.37,953.2,12.94,0,4,5,87.92,330
01-06-2024,1920.88,220.02,341.04,8.96,0,5,6,88.67,638
02-06-2024,477.96,461.46,860.69,22.9,0,6,6,86.55,611
03-06-2024,555.8,211.35,1171.53,7.36,0,0,6,105.66,106
04-06-2024,724.39,172.41,829.2,2.54,0,1,6,99.97,117
05-06-2024,1152.9,472.49,1315.53,12.41,0,2,6,91.23,541
06-06-2024,1789.09,326.07,253.52,23.2,0,3,6,99.32,702
07-06-2024,1568.98,519.62,633.32,25.52,0,4,6,110.31,805
08-06-2024,1474.68,734.15,808.35,22,0,5,6,92.68,991
09-06-2024,515.33,163.24,705.26,16.74,0,6,6,121.19,119
10-06-2024,843.83,735.08,252.02,21.73,1,0,6,93.79,726
11-06-2024,1061.13,726.87,314.94,20.44,1,1,6,88.92,867
12-06-2024,465.37,671.82,1272.66,7.03,0,2,6,122.96,103
13-06-2024,692.17,523.46,778.14,16.52,0,3,6,116.48,178
14-06-2024,755,515.11,168.21,23.12,0,4,6,95.44,425
15-06-2024,429.1,529.41,123.09,9.51,0,5,6,117.86,7
16-06-2024,1190.43,567.87,762.87,19.62,0,6,6,103.35,772
17-06-2024,1469.05,62.36,330.13,14.44,0,0,6,95.6,401
18-06-2024,325.88,768.57,1087.18,15.09,0,1,6,117.78,287
19-06-2024,1066.02,489.2,1213.45,2.7,0,2,6,113.85,157
20-06-2024,1607.98,636.1,419.62,19.99,0,3,6,93.4,639
21-06-2024,1546.38,332.96,929.05,25.97,0,4,6,107.3,784
22-06-2024,1667.13,59.3,316.22,4.24,0,5,6,96.62,450
23-06-2024,1006.83,432.3,525.02,10.98,0,6,6,80.05,490
24-06-2024,1677,430.39,1344.31,1.46,1,0,6,123.28,621
25-06-2024,633.36,377.74,861.74,0.89,0,1,6,104.73,0
26-06-2024,849.46,304.79,1340.24,29.69,0,2,6,106.93,680
27-06-2024,517.44,237.37,415.35,14.8,1,3,6,107,433
28-06-2024,1041.47,445.66,562.03,10.67,0,4,6,104.78,251
29-06-2024,905.71,331.46,759.33,8.25,0,5,6,93.05,392
30-06-2024,633.67,777.45,772.11,29.4,0,6,6,123.72,511
01-07-2024,1553.21,179.7,1496.71,7.57,0,0,7,107.98,422
02-07-2024,764.92,289.75,260.22,21.77,0,1,7,110.19,306
03-07-2024,691.05,270.47,1292.75,8.51,0,2,7,100.47,244
04-07-2024,435.6,457.48,1309.15,2.11,0,3,7,92.95,83
05-07-2024,989.88,424.46,874.48,20.5,0,4,7,82.9,587
06-07-2024,745.34,532.81,581.65,0.05,0,5,7,95.76,50
07-07-2024,864.69,762.5,826.92,20.27,0,6,7,87.92,632
08-07-2024,624.8,263.92,509.45,7.51,0,0,7,109.79,38
09-07-2024,1573.68,569.58,1218.75,22.38,0,1,7,119.56,651
10-07-2024,1874.01,68.78,797.59,23.09,0,2,7,93.62,864
11-07-2024,1096.28,246.79,1396.18,21.72,0,3,7,94.98,651
12-07-2024,1357.4,397.79,971.77,0.73,0,4,7,110.17,183
13-07-2024,1760.91,73.25,820.05,21.11,0,5,7,86.72,890
14-07-2024,1997.89,513.25,1095.5,29.7,0,6,7,121.82,828
15-07-2024,1304.33,558.73,805.51,7.28,0,0,7,96.37,387
16-07-2024,1801.6,610.05,1366.31,8.23,0,1,7,84.55,754
17-07-2024,1835.49,437.43,358.22,24.41,0,2,7,87.86,864
18-07-2024,1624.61,502.96,1462.69,4.81,0,3,7,121.97,436
19-07-2024,1029.68,347.05,1237.07,19.82,0,4,7,91.12,550
20-07-2024,346.08,80.94,1305.03,22.65,0,5,7,109.8,473
21-07-2024,228.45,124.96,776.07,1.11,0,6,7,87.03,18
22-07-2024,1058.96,541.25,1272.08,16.61,0,0,7,88.73,573
23-07-2024,1089.77,796.67,529.48,17.28,0,1,7,119.57,322
24-07-2024,933.25,61.85,1166.73,9.1,0,2,7,86.66,344
25-07-2024,1222.7,468.19,296.63,26.29,0,3,7,80.84,758
26-07-2024,1193.89,613.26,529.87,4.88,0,4,7,102.56,224
27-07-2024,1705.9,670.08,724.03,10.93,0,5,7,118.82,528
28-07-2024,395.58,458.9,551.25,25.46,0,6,7,94.67,528
29-07-2024,605.32,514.94,641.82,5.72,0,0,7,85.77,228
30-07-2024,1627.41,572.54,1248.15,24.64,0,1,7,124.2,733
31-07-2024,1726.11,694.22,459.35,2.37,0,2,7,110.45,341
01-08-2024,1990.68,141.72,1143.39,14.68,0,3,8,118.28,544
02-08-2024,1771.24,744.64,203.2,2.26,0,4,8,113.85,163
03-08-2024,1801.82,69.51,1172.03,20.34,0,5,8,111.42,775
04-08-2024,765.83,677.15,1208.83,23.72,0,6,8,97.31,668
05-08-2024,922.99,107.56,662.38,25.5,0,0,8,94.6,441
06-08-2024,682.55,195.97,1111.47,29.44,0,1,8,112.26,523
07-08-2024,1291.34,52.92,1381.19,20.16,0,2,8,112.25,567
08-08-2024,1889.85,383.94,1221,23.07,0,3,8,122.78,660
09-08-2024,820.35,300.77,646.63,15.17,0,4,8,105.59,152
10-08-2024,1202.6,174.49,777.9,27.38,0,5,8,93.26,794
11-08-2024,733.34,388.32,1191.1,19.31,0,6,8,102.03,539
12-08-2024,505.64,351.78,509.63,26.51,0,0,8,107.62,268
13-08-2024,551.33,625.75,1225.44,7.06,1,1,8,99.2,443
14-08-2024,304.3,719.85,559.3,14.9,0,2,8,115.6,21
15-08-2024,1908.73,539.43,1228.39,21.89,0,3,8,106.31,789
16-08-2024,925.18,143.31,221.52,6.08,0,4,8,80.42,62
17-08-2024,1701.42,271.54,162.16,6.34,0,5,8,105.64,287
18-08-2024,1426.39,734.99,1496.75,29.34,0,6,8,108.51,983
19-08-2024,545.46,116.55,1317.24,13.04,0,0,8,121.19,40
20-08-2024,515.83,355.14,1335.99,5.45,0,1,8,98.62,170
21-08-2024,1661.58,756.88,1431.79,9.94,1,2,8,105.85,939
22-08-2024,676.48,763,713.64,11.92,0,3,8,101.37,256
23-08-2024,1843.91,358.4,501.57,18.69,0,4,8,103.92,522
24-08-2024,452.1,550.55,282.03,27.69,0,5,8,83.03,566
25-08-2024,1419.88,392.56,801.69,29.6,0,6,8,120.38,677
26-08-2024,1666.05,615.1,408.07,19.55,0,0,8,120.97,337
27-08-2024,623.46,73.69,1409.77,21,1,1,8,104.66,673
28-08-2024,697.17,158.12,105.6,9.65,0,2,8,105.04,0
29-08-2024,1936.13,510.65,300.48,25.71,0,3,8,82.59,966
30-08-2024,676.28,224.41,445.07,6.53,0,4,8,106.91,0
31-08-2024,973.92,549.54,378.54,3.19,0,5,8,99.31,186
01-09-2024,978.53,313.42,416.09,29.2,0,6,9,111.91,471
02-09-2024,655.46,714.98,1018.47,25.92,0,0,9,82.12,614
03-09-2024,1596.42,664.44,558.52,9.11,0,1,9,111.99,210
04-09-2024,1589.33,419.63,961.03,20.26,1,2,9,92.91,826
05-09-2024,880.97,629.67,1346.36,14.01,1,3,9,109.33,556
06-09-2024,1703.23,253.35,943.58,9.69,0,4,9,108.22,342
07-09-2024,583.53,420.69,1072.35,8.6,0,5,9,90.21,168
08-09-2024,207.75,198.11,611.7,4.08,0,6,9,99.82,0
09-09-2024,1228.1,695.66,323.63,16.48,0,0,9,117.6,188
10-09-2024,1989.34,667.3,548.82,13.4,0,1,9,107.25,480
11-09-2024,269.56,726.61,1450,15.37,0,2,9,83.09,353
12-09-2024,574.4,708.11,970.54,6.46,0,3,9,99.93,75
13-09-2024,1134.05,769.7,488.52,28.16,0,4,9,94.03,693
14-09-2024,1657.89,221.25,731.28,19.16,1,5,9,108.87,871
15-09-2024,360.28,748.87,1269.72,26.99,0,6,9,107.66,497
16-09-2024,911.42,478.41,1035.82,3.28,1,0,9,80.47,523
17-09-2024,1544.74,366.87,884.91,18.69,0,1,9,107.35,471
18-09-2024,868.78,470.28,1339.23,25.48,0,2,9,113.07,428
19-09-2024,539.91,306.95,1041.42,9.93,0,3,9,114.59,0
20-09-2024,551.89,266.41,999.82,5.85,0,4,9,82.65,179
21-09-2024,938.09,230.99,365.68,7.95,0,5,9,93.66,141
22-09-2024,1062.95,111.82,248.94,8.19,1,6,9,98.96,342
23-09-2024,1751.27,422.42,1451.2,13.42,0,0,9,88.09,707
24-09-2024,1356.05,715.82,938.4,9.78,0,1,9,98.93,395
25-09-2024,1442.72,522.61,681.96,8.14,0,2,9,83.2,296
26-09-2024,1969.38,440.73,924.63,19.46,0,3,9,85.09,789
27-09-2024,941.32,371.44,186.54,1.59,0,4,9,110.09,0
28-09-2024,926.04,398.3,1250.98,10.21,0,5,9,91.82,464
29-09-2024,1862.02,206.96,403.3,20.69,0,6,9,112.01,669
30-09-2024,642.58,667.2,1226.36,5.28,0,0,9,82.16,335
01-10-2024,1513.67,198.79,848.13,6.63,0,1,10,105.32,288
02-10-2024,1558.23,587.47,487.2,6.02,0,2,10,97.62,409
03-10-2024,376.02,619.99,142.29,0.03,0,3,10,115.86,0
04-10-2024,1042.82,481.15,1242.17,14.21,0,4,10,115.28,281
05-10-2024,561.01,697.19,347.04,1.17,0,5,10,96.9,26
06-10-2024,533.68,268.29,172.53,8.19,0,6,10,108.02,0
07-10-2024,1034.89,711.21,1158.23,29.84,0,0,10,90.24,755
08-10-2024,720.97,597.06,590.06,27.55,0,1,10,106.12,321
09-10-2024,1632.91,649.06,645.07,6.45,0,2,10,83.66,451
10-10-2024,1833.69,548.43,445.89,9.3,0,3,10,99.56,332
11-10-2024,1644.9,684.76,1302.85,13.91,0,4,10,88.22,648
12-10-2024,678.86,794.82,516.26,25.33,0,5,10,119.75,361
13-10-2024,693.44,365.12,394.27,24.08,0,6,10,100.02,346
14-10-2024,658.51,660.44,532.95,3.79,0,0,10,106.58,0
15-10-2024,443.07,608.43,384.41,3.73,0,1,10,96.22,0
16-10-2024,1898.84,389.65,544.72,12.5,0,2,10,92.99,421
17-10-2024,923.69,745.21,216.11,26.1,0,3,10,89.13,406
18-10-2024,604.44,345.82,321.94,26.46,0,4,10,121.03,116
19-10-2024,1724.01,474.1,683.87,3.22,0,5,10,115.98,271
20-10-2024,918.55,129.46,1331.25,17.23,0,6,10,86,618
21-10-2024,263.21,219.33,180.21,4.67,0,0,10,113.6,0
22-10-2024,491.49,680.52,397.74,20.58,0,1,10,98.83,245
23-10-2024,1350.65,347.41,1371.68,27.49,0,2,10,80.69,883
24-10-2024,1609.23,345.56,1346.02,13.64,0,3,10,103.78,522
25-10-2024,579.68,234.49,1051.23,2.49,0,4,10,85.85,102
26-10-2024,1851.31,418.71,436.66,17.38,0,5,10,89.45,724
27-10-2024,1731.79,654.36,687.73,12.26,0,6,10,111.32,511
28-10-2024,1727.09,721.37,395.71,24.33,0,0,10,91.57,752
29-10-2024,609.79,102.59,280.02,10.21,1,1,10,120.13,0
30-10-2024,290.96,481.12,632,26.25,0,2,10,109.57,152
31-10-2024,1761.36,400.46,906.15,8.21,0,3,10,117.45,259
01-11-2024,750.44,510.71,603.91,4.73,0,4,11,107.68,8
02-11-2024,1314.05,385.46,955.15,9.19,0,5,11,119.1,365
03-11-2024,1567.94,348.98,514.76,1.05,1,6,11,96.28,465
04-11-2024,430.93,403.91,584.19,8.44,0,0,11,104.71,0
05-11-2024,1605.51,486.5,1206.94,19.8,0,1,11,103.22,568
06-11-2024,1889.32,425.74,1329.64,4.27,0,2,11,120.67,269
07-11-2024,1511.07,404.11,550.85,3.34,0,3,11,87.42,246
08-11-2024,994.2,663.38,900.12,3.97,0,4,11,106.01,91
09-11-2024,1778.02,609.24,489.43,2.33,0,5,11,113.95,183
10-11-2024,1149.42,306.03,174.67,26.24,0,6,11,96.65,543
11-11-2024,1540.59,650.43,1133,28.32,0,0,11,119.04,706
12-11-2024,1676.91,690.24,339.4,1.4,0,1,11,96.79,271
13-11-2024,1548.84,165.12,696,22.8,0,2,11,87.8,583
14-11-2024,718.14,487.01,781.86,22.11,0,3,11,106.28,290
15-11-2024,412.12,263.98,358.26,29.91,0,4,11,98.93,258
16-11-2024,629.01,604.38,232.38,10.44,0,5,11,80.68,338
17-11-2024,1105.17,229.09,587.22,8.57,0,6,11,83.14,192
18-11-2024,1109.5,553.55,1433.2,13.59,1,0,11,88.79,762
19-11-2024,1248.76,241.34,961.19,25.7,0,1,11,114.62,453
20-11-2024,911.18,433.36,633.97,21.86,0,2,11,120.14,147
21-11-2024,1616.4,761.48,154.48,14.15,0,3,11,104.55,328
22-11-2024,1843.68,335.98,940.38,7.34,0,4,11,84.75,516
23-11-2024,644.11,706.8,229.16,21.81,0,5,11,104.05,272
24-11-2024,1525.74,790.21,859.56,25.64,0,6,11,118.5,698
25-11-2024,1420.35,706.14,1152.73,12,0,0,11,113.73,425
26-11-2024,1141.56,174.4,693.02,20.06,0,1,11,93.1,386
27-11-2024,539.35,664.74,519.18,12.01,0,2,11,85.58,151
28-11-2024,1631.42,74.11,166.34,14.35,0,3,11,120.53,108
29-11-2024,1929.13,344.98,134.69,15.75,0,4,11,118.43,288
30-11-2024,1499.31,703.05,702.04,23.27,0,5,11,82.42,750
01-12-2024,1852.15,566.56,1336.68,29.33,0,6,12,117.07,995
02-12-2024,1971.53,449.56,441.69,13.33,0,0,12,84.37,594
03-12-2024,833.69,340.9,903.68,10.27,0,1,12,82.85,385
04-12-2024,1348.8,659.22,1058.03,11.21,0,2,12,114.14,391
05-12-2024,1053.08,582.17,185.16,4.02,0,3,12,104.13,69
06-12-2024,1975.93,401.3,314.34,8.91,0,4,12,98.65,348
07-12-2024,368.85,719.36,563.79,2.59,0,5,12,120.67,0
08-12-2024,942.27,222.46,1038.13,12.84,0,6,12,117.77,199
09-12-2024,1775.97,177.79,714.65,5.02,0,0,12,82.59,395
10-12-2024,711.29,532.1,1127.87,10.39,0,1,12,107.72,259
11-12-2024,1618.03,779,1314.64,23.81,1,2,12,114.75,1102
12-12-2024,889.01,235.44,1161.72,7.38,0,3,12,104.77,101
13-12-2024,1963.96,237.25,1489.15,18.36,0,4,12,124.24,595
14-12-2024,1790.35,154.62,1156.11,27.04,0,5,12,110.87,836
15-12-2024,742.38,695.42,1293.05,17.01,0,6,12,84.69,688
16-12-2024,1586.35,219.8,1265.31,5.81,0,0,12,88.92,379
17-12-2024,806.34,427.38,1122.37,10.34,0,1,12,117.18,43
18-12-2024,1291.45,793.15,1222.52,17.71,0,2,12,124.85,471
19-12-2024,1385.27,59.11,1408.56,15.2,0,3,12,84.43,511
20-12-2024,1693.27,467.36,765.29,4.46,1,4,12,84.51,705
21-12-2024,244.01,434.22,993.6,13.4,0,5,12,114.35,130
22-12-2024,596.28,655.59,820.92,16.29,0,6,12,82.9,523
23-12-2024,1481.45,316.46,1291.45,8.02,0,0,12,83.09,540
24-12-2024,1214.34,357.76,703.9,18.37,1,1,12,120,534
25-12-2024,1092.09,175.95,1247.62,2.1,0,2,12,116.02,106
26-12-2024,299.38,605.61,1219.1,10.1,0,3,12,119.67,27
27-12-2024,826.9,638.53,1446.64,24.13,0,4,12,109.27,515
28-12-2024,1757.18,152.5,448.49,7.78,0,5,12,94.51,444
29-12-2024,255.61,345.09,1093.47,18.16,0,6,12,120.78,192
30-12-2024,913.59,719.68,1159.69,12.3,0,0,12,93.44,521
31-12-2024,1901.27,52.03,1410.79,9.49,0,1,12,92.4,657
01-01-2025,291.59,274.07,1369.66,27.48,0,2,1,119.89,410
02-01-2025,1549.47,466.28,902.94,10.3,0,3,1,110.64,375
03-01-2025,663.7,300.57,910.81,7.1,0,4,1,120.31,0
04-01-2025,1759.9,254.03,334.21,27.28,0,5,1,87.02,876
05-01-2025,1542.92,395.03,1464.95,22.38,0,6,1,122.85,751
06-01-2025,1794.27,186.14,457.02,20.45,0,0,1,107.57,482
07-01-2025,588.66,447.22,1114.63,1.49,0,1,1,110.06,78
08-01-2025,1156.33,580.02,1214.11,3.94,0,2,1,121.13,240
09-01-2025,1602.69,481.47,717.7,19.15,0,3,1,97.13,623
10-01-2025,642.26,119.83,395.67,6.28,0,4,1,112.38,0
11-01-2025,615.34,683.31,364.54,6.77,0,5,1,108.82,120
12-01-2025,248.93,181.23,1299.09,23.37,0,6,1,115.45,405
13-01-2025,1925.33,623.61,815.06,8.58,0,0,1,120.36,357
14-01-2025,1478.03,320.42,226.19,2.15,0,1,1,110.6,57
15-01-2025,1344.01,637.07,1103.83,1.09,0,2,1,83.04,446
16-01-2025,1539.19,204.7,450.24,13.3,0,3,1,88.24,504
17-01-2025,1156.9,190,1326.95,18.51,0,4,1,122.93,361
18-01-2025,1057.04,422.77,533.4,26.07,0,5,1,123.59,337
19-01-2025,1009.16,74.7,380.38,3.32,0,6,1,123.53,0
20-01-2025,1352.79,218.97,218.8,5.9,0,0,1,81.66,275
21-01-2025,562.76,593.01,816.14,15.89,0,1,1,97.21,314
22-01-2025,1798.51,678.04,731.03,10.92,0,2,1,114.19,562
23-01-2025,1661.15,110.59,1151.84,14.48,0,3,1,113.88,517
24-01-2025,829.21,711.56,750.44,27.72,0,4,1,83.87,708
25-01-2025,1241.5,648.14,581.34,16.35,0,5,1,107.43,517
26-01-2025,453.85,702.26,466.32,12.45,0,6,1,86.43,405
27-01-2025,1950.22,573.82,489.41,29.68,1,0,1,102.19,1113
28-01-2025,1825.21,555.61,1398.99,1.96,0,1,1,90.79,597
29-01-2025,1859.42,443.82,331.11,27.96,0,2,1,82.39,827
30-01-2025,797.89,539.59,1483.45,15.05,0,3,1,83.6,677
31-01-2025,504.44,739.33,557.69,15.11,0,4,1,120.99,104
01-02-2025,581.19,125.39,223.75,27.66,0,5,2,113.51,321
02-02-2025,362,286.82,448.17,15.22,0,6,2,121.93,83
03-02-2025,416.2,104.34,181.78,13.15,0,0,2,101.15,40
04-02-2025,328.35,758.6,1206.04,8.17,0,1,2,98.6,244
05-02-2025,1981.68,383.95,817.57,19.76,0,2,2,96.13,797
06-02-2025,333.3,556.51,571.78,17.09,0,3,2,107.73,143
07-02-2025,438.58,680.84,1026.87,6.43,0,4,2,95.82,244
08-02-2025,1689.06,793.25,982.91,21.28,0,5,2,113.58,844
09-02-2025,1244.43,171.34,1415.82,19.32,0,6,2,116.06,636
10-02-2025,1593.95,649.63,1445.76,11.92,0,0,2,119.41,518
11-02-2025,1335.64,715.57,1052.96,0.13,0,1,2,90.93,431
12-02-2025,1787.92,86.66,1244.94,13.4,0,2,2,103.72,631
13-02-2025,1349.24,615.57,1209.4,0.18,0,3,2,90.06,437
14-02-2025,1139.83,316.04,787.82,2.25,0,4,2,81.69,352
15-02-2025,1482.95,536.45,1086.24,12.92,0,5,2,111.85,681
16-02-2025,1005.31,435.54,209.56,2.46,0,6,2,104.7,186
17-02-2025,822.91,244.81,1161.23,8.27,0,0,2,112.58,238
18-02-2025,1041.77,151.42,1446.57,19.66,0,1,2,83.94,711
19-02-2025,505.49,137.71,218.96,9.26,0,2,2,124.8,0
20-02-2025,1633.83,127.49,1270.56,29.93,0,3,2,124.75,701
21-02-2025,669.27,528.34,1406.17,27.49,0,4,2,100.92,661
22-02-2025,476.36,313.56,416.66,17.56,0,5,2,118.97,185
23-02-2025,643.43,212.48,834.74,29.01,1,6,2,90.96,947
24-02-2025,1715.73,568.91,1399,26.04,0,0,2,113.19,907
25-02-2025,794.36,565.14,1444.32,9.57,0,1,2,119.57,240
26-02-2025,1434.89,454.38,279.04,22.49,0,2,2,116.66,370
27-02-2025,1741.54,751.22,588.61,4.1,0,3,2,116.53,390
28-02-2025,339.94,339.06,1077.4,20.54,0,4,2,100.84,338
01-03-2025,1577.04,676.9,410.18,14.73,0,5,3,116.9,533
02-03-2025,753.8,106.35,554.68,0.5,0,6,3,111.08,0
03-03-2025,589.92,604.87,132.61,8.23,0,0,3,85.96,221
04-03-2025,1440.02,791.34,314.93,28.66,0,1,3,85.14,976
05-03-2025,1837.63,684.95,887.26,9.47,0,2,3,114.74,552
06-03-2025,731.03,484.75,1014.33,5.44,0,3,3,108.15,195
07-03-2025,1223.9,520.07,1008.48,5.63,0,4,3,103.37,456
08-03-2025,721.7,314.97,1189.7,14.38,0,5,3,120.83,295
09-03-2025,1197.71,559.61,681.39,25.28,0,6,3,109.68,852
10-03-2025,1319.35,627.8,482.89,22.74,0,0,3,97.83,811
11-03-2025,1298.6,798.67,121.81,13.11,0,1,3,98.63,293
12-03-2025,1322.38,419.35,389.28,6.26,0,2,3,107.24,251
13-03-2025,443.14,95.98,537.34,1.38,0,3,3,114.21,0
14-03-2025,1448.37,496.89,349.49,13.88,0,4,3,105.4,435
15-03-2025,1414.55,139.27,128.2,24.44,0,5,3,102.89,621
16-03-2025,1428.66,233.57,320.43,21.89,0,6,3,112.71,637
17-03-2025,333.33,296.58,1032.54,12.26,0,0,3,111.74,149
18-03-2025,1004.31,598.27,981.42,17.84,0,1,3,117.37,411
19-03-2025,936.26,187.86,1409.96,13.09,0,2,3,82.81,608
20-03-2025,356.08,174.31,1217.44,17.37,1,3,3,113.97,566
21-03-2025,600.26,83.72,894.86,15.53,0,4,3,103.12,221
22-03-2025,993.73,704.93,292.58,20.43,0,5,3,83.36,630
23-03-2025,1537.23,570.13,889.7,15.23,1,6,3,110.56,1096
24-03-2025,626.71,79.96,186.23,28.22,0,0,3,112.24,267
25-03-2025,1693.55,71.22,703.24,12.84,0,1,3,103.56,511
26-03-2025,1182.44,469.01,646.36,0.48,0,2,3,115.72,95
27-03-2025,1568.76,261.9,698.94,7.09,0,3,3,93.51,511
28-03-2025,1050.6,497.54,491.76,15.02,0,4,3,89.09,594
29-03-2025,1098.55,375.95,1060.16,16.22,0,5,3,95.78,730
30-03-2025,1315.49,742.48,1277.32,16.57,0,6,3,98.45,782
31-03-2025,1870.35,265.86,1175.92,21.44,0,0,3,111.32,735
01-04-2025,1085.26,559.36,978.85,8.24,0,1,4,118.05,292
02-04-2025,1151.58,90.54,853.68,19.95,0,2,4,112.44,457
03-04-2025,1283.59,766.9,143.52,21.12,0,3,4,87.83,575
04-04-2025,1527.53,785.57,1112.11,12.34,0,4,4,96.48,786
05-04-2025,329.33,604.31,862.98,12.07,0,5,4,87.13,405
06-04-2025,1128.24,398.91,479.04,5.37,0,6,4,110.9,378
07-04-2025,1066.86,215,558.98,12.42,0,0,4,91.17,517
08-04-2025,1859.03,659.39,1409.85,23.6,0,1,4,103.64,1022
09-04-2025,1088.31,602.27,974.11,27.27,0,2,4,115.63,705
10-04-2025,1042.98,216.47,766.28,17.81,0,3,4,110.19,352
11-04-2025,1931.96,388.41,969.29,8.98,0,4,4,93.43,755
12-04-2025,1011.04,397.1,679.24,20.47,0,5,4,94.98,660
13-04-2025,525.59,669.81,758.26,22.2,0,6,4,109.4,479
14-04-2025,590.45,562.88,506.43,9.97,0,0,4,104.73,170
15-04-2025,371.34,532.38,715.79,24.8,0,1,4,84.34,545
16-04-2025,201.02,537.37,1059.83,2.21,0,2,4,119.33,0
17-04-2025,977.5,252.85,155.92,0.32,1,3,4,103.07,340
18-04-2025,1584.64,328.78,1213.04,3.69,0,4,4,101.3,466
19-04-2025,1520.24,84.25,496.17,4.68,0,5,4,88.93,598
20-04-2025,257.87,640.21,1055.58,26.37,0,6,4,96.96,608
21-04-2025,1225.97,374.75,999.82,12.75,0,0,4,94.98,659
22-04-2025,477.71,378.68,1013.68,8.25,0,1,4,92.18,232
23-04-2025,1893.94,234.02,951.38,12.87,0,2,4,105.53,663
24-04-2025,501.26,207.07,1442.74,11.85,0,3,4,100.8,336
25-04-2025,1327.95,490.87,811.68,9.04,0,4,4,120.01,319
26-04-2025,787.23,224.41,1125.25,4.14,0,5,4,122.36,246
27-04-2025,1354.81,98.16,1087.63,19.68,0,6,4,89.88,931
28-04-2025,942.07,625.63,430.77,4.1,0,0,4,84.5,388
29-04-2025,1567.36,332.35,496.63,23.26,1,1,4,115.34,858
30-04-2025,615.22,335.18,693.62,6.05,0,2,4,124.77,0
01-05-2025,1830.43,373.49,488.78,21.94,0,3,5,118.86,580
02-05-2025,1100.38,661.28,613.44,24.17,0,4,5,81.07,734
03-05-2025,1560.97,290.63,647.34,3.76,0,5,5,91.31,475
04-05-2025,1729.51,618.53,945.41,2.6,0,6,5,81.95,734
05-05-2025,1997.89,754.66,407.85,28.49,0,0,5,116.94,869
06-05-2025,603.1,545.65,1226.01,13.89,0,1,5,106.16,287
07-05-2025,716.41,373.76,712.55,18.91,0,2,5,103.12,392
08-05-2025,650.78,610.84,1088.74,0.7,0,3,5,104.95,243
09-05-2025,673.17,393.42,214.02,8.36,0,4,5,91.36,229
10-05-2025,1248.4,360.82,757.95,15.16,0,5,5,107.07,544
11-05-2025,1988.34,443.96,139.51,26.59,0,6,5,81.38,986
12-05-2025,1982.5,288.29,1046.27,8.14,0,0,5,109.07,622
13-05-2025,1148.19,128.19,581.19,23.26,0,1,5,113.05,332
14-05-2025,1350.25,361.14,1428.95,19.87,0,2,5,110.29,768
15-05-2025,1747.95,142.89,553.77,3.46,0,3,5,94.95,394
16-05-2025,1879.28,357.83,889.33,8.8,0,4,5,117.18,599
17-05-2025,566.95,467.7,460.34,7.14,0,5,5,112.2,50
18-05-2025,1151.38,748.03,968.16,13.28,0,6,5,85.77,829
19-05-2025,1699.11,77.17,753.86,19.06,0,0,5,88.78,742
20-05-2025,745.76,516.09,618.88,13,0,1,5,108.67,245
21-05-2025,991.66,393.3,385.17,7.34,0,2,5,93.02,195
22-05-2025,1974.12,65.2,256.13,20.88,1,3,5,85.37,1088
23-05-2025,1973.08,237.16,267.83,17.53,0,4,5,86.97,774
24-05-2025,1830.99,138.86,1498.66,15.58,0,5,5,87.45,1117
25-05-2025,1637.21,212.6,677.24,16.63,0,6,5,101.5,769
26-05-2025,684.43,255.93,102.7,6.66,0,0,5,107.33,0
27-05-2025,777.53,350.98,1434.1,20.41,0,1,5,87.94,645
28-05-2025,1185.11,446.78,127.97,11.63,0,2,5,112.06,150
29-05-2025,1209.4,50.74,686.02,10.9,0,3,5,92.65,488
30-05-2025,1109.91,171.4,1104.47,4.49,0,4,5,94.02,323
31-05-2025,1346.01,120.17,1380.44,17.91,0,5,5,90.06,949
01-06-2025,934.98,462.26,1098.04,18.08,1,6,6,115.33,842
02-06-2025,1548.51,296.81,749.08,10.21,0,0,6,123.19,322
03-06-2025,800.39,461.3,1464.22,25.8,0,1,6,102.16,678
04-06-2025,795.22,216.37,155.05,25.36,0,2,6,81.89,531
05-06-2025,429.01,68.17,1481.65,3.27,0,3,6,91.73,183
06-06-2025,539.68,756.03,1289.15,20.85,0,4,6,87.11,627
07-06-2025,1730.94,131.23,1400.5,11.82,0,5,6,117.92,686
08-06-2025,1003.31,145.14,456.68,29.99,0,6,6,83.82,783
09-06-2025,610.16,159.91,299.44,6.75,0,0,6,123.49,0
10-06-2025,1566.81,785.96,1028.64,8.42,1,1,6,106.48,857
11-06-2025,1197.17,513.25,822.2,13.26,0,2,6,103.3,445
12-06-2025,238.08,507.72,832.44,8.06,0,3,6,118.13,0
13-06-2025,769.45,790.02,1394.47,20.76,0,4,6,81.24,760
14-06-2025,518.6,116.33,968.11,14.43,0,5,6,114.97,188
15-06-2025,1380.57,780.88,535.49,6.63,0,6,6,85.25,701
16-06-2025,695.06,203.01,660.09,15.19,0,0,6,117.84,224
17-06-2025,316.9,517.3,286.89,26.66,0,1,6,103.81,353
18-06-2025,298.88,365.06,369.24,23.77,0,2,6,82.75,364
19-06-2025,1247.11,337.96,300.69,14.96,0,3,6,117.5,231
20-06-2025,239.1,748.43,1234.41,8.65,0,4,6,81.23,441
21-06-2025,1727.83,161.92,1086.82,5.4,0,5,6,86.23,671
22-06-2025,479.71,797.8,842.48,26.35,0,6,6,115.9,511
23-06-2025,1291.82,334.34,624.11,21.31,1,0,6,100.92,945
24-06-2025,1000.44,536.58,1035.89,17.16,0,1,6,119.66,393
25-06-2025,997.13,775.93,1238.07,26.38,0,2,6,108.59,823
26-06-2025,329.23,93.2,1333.73,3.65,0,3,6,108.06,0
27-06-2025,1644.95,742.15,865.82,20.47,0,4,6,93.15,863
28-06-2025,1807.49,475.86,1247.84,6.5,0,5,6,86.02,941
29-06-2025,219.83,578.3,815.83,3.62,0,6,6,123.25,0
30-06-2025,521.49,161.89,764.34,13.97,0,0,6,84.72,298
01-07-2025,1827.03,450.04,1311.6,11.62,0,1,7,103.81,586
02-07-2025,1189.09,555.14,640.92,28.24,1,2,7,92.27,1050
03-07-2025,470.07,392.19,654.28,9.72,1,3,7,91.89,375
04-07-2025,565.02,166.24,526.88,24.45,1,4,7,106.76,533
05-07-2025,1387.98,233.09,826.18,22.46,0,5,7,115.91,525
06-07-2025,1504.67,690.79,862.79,20.04,0,6,7,114.97,767
07-07-2025,1278.97,75.85,1024.65,27.61,0,0,7,119.1,600
08-07-2025,1915.67,581.65,702.7,12.24,0,1,7,93.18,650
09-07-2025,1089.31,799.54,404.97,11.69,0,2,7,100.96,250
10-07-2025,740.49,55.61,1313.58,4.83,0,3,7,80.42,380
11-07-2025,1059.02,170.78,584.4,8.27,0,4,7,113.61,61
12-07-2025,847.4,555.61,1392.12,26.39,0,5,7,93.61,780
13-07-2025,603.95,94.99,390.29,14.23,0,6,7,105.27,67
14-07-2025,282.73,492.34,884.08,10.24,0,0,7,87.62,153
15-07-2025,833.98,563,851.26,6.48,0,1,7,116.87,7
16-07-2025,1480.54,491.11,1260.11,14.55,0,2,7,116.78,470
17-07-2025,233.19,323.89,294.39,21.5,0,3,7,119.49,35
18-07-2025,990.52,572.96,1373.91,8.6,0,4,7,82.07,512
19-07-2025,1359.22,495.72,844,22.73,0,5,7,124.66,599
20-07-2025,1298.73,205.73,920.55,18.89,0,6,7,91.15,651
21-07-2025,1597.97,472.35,814.23,23.63,0,0,7,93.92,765
22-07-2025,1658.94,711.43,150.43,7.53,0,1,7,91.22,511
23-07-2025,1481.07,550.12,795.93,18.93,0,2,7,92.04,646
24-07-2025,385.04,403.84,468.97,4.61,0,3,7,104.87,0
25-07-2025,1055.04,291.19,579.76,10.91,1,4,7,90.79,501
26-07-2025,1286.13,114.41,1008.74,21.73,0,5,7,97.72,779
27-07-2025,642.02,233.47,796.78,18.95,0,6,7,109.5,318
28-07-2025,276.59,58.39,230.51,5.64,0,0,7,117.62,0
29-07-2025,602.46,789.97,202.26,25.75,0,1,7,111.17,296
30-07-2025,1018.81,216.86,359.92,1.6,0,2,7,106.74,0
31-07-2025,945.07,661.16,367.24,17.86,0,3,7,86.65,485
01-08-2025,518,176.48,951.62,29.51,0,4,8,116.73,286
02-08-2025,1683.95,262.7,348.94,15.95,0,5,8,81.68,715
03-08-2025,1866.24,363.71,1334.41,24.02,0,6,8,91.89,976
04-08-2025,562.43,293.3,393.66,17.86,0,0,8,82.57,294
05-08-2025,1873.23,648.76,227.58,23.49,0,1,8,110.03,560
06-08-2025,232.15,768.27,1326.04,19.67,0,2,8,96.58,397
07-08-2025,1864.93,706.47,513.46,20.73,0,3,8,109.34,582
08-08-2025,1913.47,165.18,695.59,6.83,0,4,8,95.62,413
09-08-2025,221.69,632.52,1442.64,22.25,0,5,8,100.51,446
10-08-2025,1573.43,160.96,1422.12,7.14,0,6,8,100.61,562
11-08-2025,1946.36,735.04,1100.88,29.42,0,0,8,82.05,1116
12-08-2025,1830.62,438.41,196.51,6.83,1,1,8,99.36,549
13-08-2025,1947.28,302.29,930.68,7.1,0,2,8,108.85,406
14-08-2025,1190.58,167.77,1484.71,25.76,0,3,8,104.57,653
15-08-2025,340.68,58.86,1425.68,7.29,0,4,8,83.39,140
16-08-2025,1729.62,235.96,248.4,10.83,0,5,8,110.06,343
17-08-2025,1304.89,735.52,654.35,21.44,0,6,8,93.9,651
18-08-2025,1306.53,647.95,541.75,4.76,0,0,8,80.65,478
19-08-2025,951.06,777.35,281.62,4.77,0,1,8,87,222
20-08-2025,1229.32,125.57,1072.72,14.59,0,2,8,102.39,388
21-08-2025,476.44,494.13,483.39,7.31,0,3,8,93.97,77
22-08-2025,1531.59,242.86,582.81,7.07,1,4,8,111.25,351
23-08-2025,335.03,457.21,226.5,0.28,0,5,8,90.83,0
24-08-2025,1513.61,290.34,797.15,11.11,1,6,8,114.78,646
25-08-2025,1728.16,262.6,321.44,9.55,0,0,8,92.89,282
26-08-2025,1050.44,480.38,704.93,0.93,0,1,8,107.94,5
27-08-2025,1117.69,187.49,300.68,18.64,0,2,8,115.96,170
28-08-2025,761.99,401.85,1435.39,18.8,0,3,8,97.35,524
29-08-2025,1945.03,538.11,302.98,2.12,0,4,8,82.11,348
30-08-2025,1519.62,146.14,830.64,9.51,0,5,8,104.1,439
31-08-2025,864.18,747.95,375.77,26.18,0,6,8,124.79,385
01-09-2025,514.65,429.29,206.91,17.47,0,0,9,123.6,0
02-09-2025,595.24,664.65,383.23,12.36,0,1,9,89.95,110
03-09-2025,1035.06,540.43,176.68,13.95,0,2,9,114.01,139
04-09-2025,1896.62,582.5,295.16,6.25,0,3,9,95.52,340
05-09-2025,1521.46,587.1,790.88,24.36,0,4,9,87.21,825
06-09-2025,587.44,706.32,1012.54,27.42,0,5,9,109.97,480
07-09-2025,1747.21,510.2,222.28,27.32,1,6,9,102.54,1033
08-09-2025,880.76,258.66,717.43,6.72,0,0,9,104.27,20
09-09-2025,1733.1,124.63,913.75,9.32,0,1,9,117.23,236
10-09-2025,635.06,504.69,427.92,4.82,0,2,9,95.14,0
11-09-2025,1313.59,99.76,620.91,9.22,0,3,9,110.02,91
12-09-2025,1868.01,230.97,200.57,9.98,1,4,9,96.48,447
13-09-2025,664.21,95.53,408.18,18.99,0,5,9,81.92,180
14-09-2025,1447.27,461.67,753.45,5.69,0,6,9,97.01,450
15-09-2025,1977.16,170.25,1486.62,27.58,0,0,9,122.75,819
16-09-2025,471.08,507.81,1494.77,3.09,0,1,9,101.75,172
17-09-2025,359.12,643.15,1471.47,0.21,0,2,9,84.87,119
18-09-2025,1413.55,666.41,692.32,25.65,0,3,9,110.95,474
19-09-2025,811.52,282.16,212.95,21.11,0,4,9,123.35,0
20-09-2025,328.24,461.72,553,10.66,0,5,9,120.86,0
21-09-2025,1055.55,472.26,432.8,17.86,1,6,9,105.74,576
22-09-2025,1556.79,404.67,119.78,6.71,0,0,9,96.93,262
23-09-2025,713.22,541.34,233.33,5.05,0,1,9,106.13,0
24-09-2025,803.08,207.57,734.47,14.13,0,2,9,116.72,67
25-09-2025,1722.26,784.43,575.53,10.6,1,3,9,118.76,587
26-09-2025,1136.13,123.56,352.5,18.46,0,4,9,116.85,47
